name,location
output_cw-ahnji_008.mp4,cw-ahnji > fsgan
output_cw-ahnji_016.mp4,cw-ahnji > fsgan
output_cw-ahnji_032.mp4,cw-ahnji > fsgan
output_cw-ahnji_040.mp4,cw-ahnji > fsgan
output_cw-ahnji_111.mp4,cw-ahnji > fsgan
output_cw-ahnji_117.mp4,cw-ahnji > fsgan
output_cw-ahnji_119.mp4,cw-ahnji > fsgan
output_cw-ahnji_125.mp4,cw-ahnji > fsgan
output_cw-ahnji_128.mp4,cw-ahnji > fsgan
output_cw-ahnji_133.mp4,cw-ahnji > fsgan
output_cw-ahnji_136.mp4,cw-ahnji > fsgan
output_cw-ahnji_141.mp4,cw-ahnji > fsgan
output_cw-ahnji_142.mp4,cw-ahnji > fsgan
output_cw-ahnji_144.mp4,cw-ahnji > fsgan
output_cw-ahnji_149.mp4,cw-ahnji > fsgan
output_cw-ahnji_150.mp4,cw-ahnji > fsgan
output_cw-ahnji_151.mp4,cw-ahnji > fsgan
output_cw-ahnji_152.mp4,cw-ahnji > fsgan
output_cw-ahnji_156.mp4,cw-ahnji > fsgan
output_cw-ahnji_157.mp4,cw-ahnji > fsgan
output_cw-ahnji_158.mp4,cw-ahnji > fsgan
output_cw-ahnji_159.mp4,cw-ahnji > fsgan
output_cw-ahnji_160.mp4,cw-ahnji > fsgan
output_cw-ahnji_164.mp4,cw-ahnji > fsgan
output_cw-ahnji_165.mp4,cw-ahnji > fsgan
output_cw-ahnji_166.mp4,cw-ahnji > fsgan
output_cw-ahnji_167.mp4,cw-ahnji > fsgan
output_cw-ahnji_168.mp4,cw-ahnji > fsgan
output_cw-ahnji_170.mp4,cw-ahnji > fsgan
output_cw-ahnji_172.mp4,cw-ahnji > fsgan
output_cw-ahnji_173.mp4,cw-ahnji > fsgan
output_cw-ahnji_174.mp4,cw-ahnji > fsgan
output_cw-ahnji_175.mp4,cw-ahnji > fsgan
output_cw-ahnji_176.mp4,cw-ahnji > fsgan
output_cw-ahnji_178.mp4,cw-ahnji > fsgan
output_cw-ahnji_180.mp4,cw-ahnji > fsgan
output_cw-ahnji_181.mp4,cw-ahnji > fsgan
output_cw-ahnji_182.mp4,cw-ahnji > fsgan
output_cw-ahnji_183.mp4,cw-ahnji > fsgan
output_cw-ahnji_184.mp4,cw-ahnji > fsgan
output_cw-ahnji_186.mp4,cw-ahnji > fsgan
output_cw-ahnji_189.mp4,cw-ahnji > fsgan
output_cw-ahnji_190.mp4,cw-ahnji > fsgan
output_cw-ahnji_191.mp4,cw-ahnji > fsgan
output_cw-ahnji_192.mp4,cw-ahnji > fsgan
output_cw-ahnji_194.mp4,cw-ahnji > fsgan
output_cw-ahnji_196.mp4,cw-ahnji > fsgan
output_cw-ahnji_198.mp4,cw-ahnji > fsgan
output_cw-ahnji_199.mp4,cw-ahnji > fsgan
output_cw-ahnji_200.mp4,cw-ahnji > fsgan
output_cw-chuuweol_003.mp4,cw-chuuweol > fsgan
output_cw-chuuweol_007.mp4,cw-chuuweol > fsgan
output_cw-chuuweol_008.mp4,cw-chuuweol > fsgan
output_cw-chuuweol_011.mp4,cw-chuuweol > fsgan
output_cw-chuuweol_012.mp4,cw-chuuweol > fsgan
output_cw-chuuweol_015.mp4,cw-chuuweol > fsgan
output_cw-chuuweol_016.mp4,cw-chuuweol > fsgan
output_cw-chuuweol_019.mp4,cw-chuuweol > fsgan
output_cw-chuuweol_020.mp4,cw-chuuweol > fsgan
output_cw-chuuweol_024.mp4,cw-chuuweol > fsgan
output_cw-chuuweol_027.mp4,cw-chuuweol > fsgan
output_cw-chuuweol_028.mp4,cw-chuuweol > fsgan
output_cw-chuuweol_031.mp4,cw-chuuweol > fsgan
output_cw-chuuweol_032.mp4,cw-chuuweol > fsgan
output_cw-chuuweol_036.mp4,cw-chuuweol > fsgan
output_cw-chuuweol_039.mp4,cw-chuuweol > fsgan
output_cw-chuuweol_040.mp4,cw-chuuweol > fsgan
output_cw-chuuweol_055.mp4,cw-chuuweol > fsgan
output_cw-chuuweol_079.mp4,cw-chuuweol > fsgan
output_cw-chuuweol_082.mp4,cw-chuuweol > fsgan
output_cw-chuuweol_098.mp4,cw-chuuweol > fsgan
output_cw-chuuweol_106.mp4,cw-chuuweol > fsgan
output_cw-chuuweol_114.mp4,cw-chuuweol > fsgan
output_cw-chuuweol_122.mp4,cw-chuuweol > fsgan
output_cw-chuuweol_125.mp4,cw-chuuweol > fsgan
output_cw-chuuweol_138.mp4,cw-chuuweol > fsgan
output_cw-chuuweol_141.mp4,cw-chuuweol > fsgan
output_cw-chuuweol_149.mp4,cw-chuuweol > fsgan
output_cw-chuuweol_154.mp4,cw-chuuweol > fsgan
output_cw-chuuweol_157.mp4,cw-chuuweol > fsgan
output_cw-chuuweol_162.mp4,cw-chuuweol > fsgan
output_cw-chuuweol_165.mp4,cw-chuuweol > fsgan
output_cw-chuuweol_170.mp4,cw-chuuweol > fsgan
output_cw-chuuweol_173.mp4,cw-chuuweol > fsgan
output_cw-chuuweol_178.mp4,cw-chuuweol > fsgan
output_cw-chuuweol_181.mp4,cw-chuuweol > fsgan
output_cw-chuuweol_189.mp4,cw-chuuweol > fsgan
output_cw-chuuweol_194.mp4,cw-chuuweol > fsgan
output_cw-chuuweol_197.mp4,cw-chuuweol > fsgan
output_cw-donghee_001.mp4,cw-donghee > fsgan
output_cw-donghee_009.mp4,cw-donghee > fsgan
output_cw-donghee_017.mp4,cw-donghee > fsgan
output_cw-donghee_025.mp4,cw-donghee > fsgan
output_cw-donghee_033.mp4,cw-donghee > fsgan
output_cw-donghee_041.mp4,cw-donghee > fsgan
output_cw-donghee_049.mp4,cw-donghee > fsgan
output_cw-donghee_057.mp4,cw-donghee > fsgan
output_cw-donghee_065.mp4,cw-donghee > fsgan
output_cw-donghee_073.mp4,cw-donghee > fsgan
output_cw-donghee_104.mp4,cw-donghee > fsgan
output_cw-donghee_112.mp4,cw-donghee > fsgan
output_cw-donghee_120.mp4,cw-donghee > fsgan
output_cw-donghee_128.mp4,cw-donghee > fsgan
output_cw-donghee_136.mp4,cw-donghee > fsgan
output_cw-donghee_139.mp4,cw-donghee > fsgan
output_cw-donghee_144.mp4,cw-donghee > fsgan
output_cw-donghee_147.mp4,cw-donghee > fsgan
output_cw-donghee_152.mp4,cw-donghee > fsgan
output_cw-donghee_155.mp4,cw-donghee > fsgan
output_cw-donghee_160.mp4,cw-donghee > fsgan
output_cw-donghee_163.mp4,cw-donghee > fsgan
output_cw-donghee_168.mp4,cw-donghee > fsgan
output_cw-donghee_171.mp4,cw-donghee > fsgan
output_cw-donghee_176.mp4,cw-donghee > fsgan
output_cw-donghee_179.mp4,cw-donghee > fsgan
output_cw-donghee_180.mp4,cw-donghee > fsgan
output_cw-donghee_184.mp4,cw-donghee > fsgan
output_cw-donghee_187.mp4,cw-donghee > fsgan
output_cw-donghee_188.mp4,cw-donghee > fsgan
output_cw-donghee_192.mp4,cw-donghee > fsgan
output_cw-donghee_195.mp4,cw-donghee > fsgan
output_cw-donghee_196.mp4,cw-donghee > fsgan
output_cw-donghee_200.mp4,cw-donghee > fsgan
output_cw-esther_001.mp4,cw-esther > fsgan
output_cw-esther_014.mp4,cw-esther > fsgan
output_cw-esther_017.mp4,cw-esther > fsgan
output_cw-esther_022.mp4,cw-esther > fsgan
output_cw-esther_025.mp4,cw-esther > fsgan
output_cw-esther_030.mp4,cw-esther > fsgan
output_cw-esther_033.mp4,cw-esther > fsgan
output_cw-esther_038.mp4,cw-esther > fsgan
output_cw-esther_046.mp4,cw-esther > fsgan
output_cw-esther_054.mp4,cw-esther > fsgan
output_cw-esther_062.mp4,cw-esther > fsgan
output_cw-esther_070.mp4,cw-esther > fsgan
output_cw-esther_078.mp4,cw-esther > fsgan
output_cw-esther_085.mp4,cw-esther > fsgan
output_cw-esther_093.mp4,cw-esther > fsgan
output_cw-esther_101.mp4,cw-esther > fsgan
output_cw-esther_109.mp4,cw-esther > fsgan
output_cw-esther_117.mp4,cw-esther > fsgan
output_cw-esther_125.mp4,cw-esther > fsgan
output_cw-esther_141.mp4,cw-esther > fsgan
output_cw-esther_165.mp4,cw-esther > fsgan
output_cw-esther_173.mp4,cw-esther > fsgan
output_cw-esther_189.mp4,cw-esther > fsgan
output_cw-esther_197.mp4,cw-esther > fsgan
output_cw-eunseoh_017.mp4,cw-eunseoh > fsgan
output_cw-eunseoh_019.mp4,cw-eunseoh > fsgan
output_cw-eunseoh_024.mp4,cw-eunseoh > fsgan
output_cw-eunseoh_027.mp4,cw-eunseoh > fsgan
output_cw-eunseoh_032.mp4,cw-eunseoh > fsgan
output_cw-eunseoh_033.mp4,cw-eunseoh > fsgan
output_cw-eunseoh_043.mp4,cw-eunseoh > fsgan
output_cw-eunseoh_059.mp4,cw-eunseoh > fsgan
output_cw-eunseoh_067.mp4,cw-eunseoh > fsgan
output_cw-eunseoh_075.mp4,cw-eunseoh > fsgan
output_cw-eunseoh_085.mp4,cw-eunseoh > fsgan
output_cw-eunseoh_101.mp4,cw-eunseoh > fsgan
output_cw-eunseoh_117.mp4,cw-eunseoh > fsgan
output_cw-eunseoh_125.mp4,cw-eunseoh > fsgan
output_cw-eunseoh_127.mp4,cw-eunseoh > fsgan
output_cw-eunseoh_141.mp4,cw-eunseoh > fsgan
output_cw-eunseoh_143.mp4,cw-eunseoh > fsgan
output_cw-eunseoh_151.mp4,cw-eunseoh > fsgan
output_cw-eunseoh_157.mp4,cw-eunseoh > fsgan
output_cw-eunseoh_159.mp4,cw-eunseoh > fsgan
output_cw-eunseoh_163.mp4,cw-eunseoh > fsgan
output_cw-eunseoh_165.mp4,cw-eunseoh > fsgan
output_cw-eunseoh_167.mp4,cw-eunseoh > fsgan
output_cw-eunseoh_168.mp4,cw-eunseoh > fsgan
output_cw-eunseoh_179.mp4,cw-eunseoh > fsgan
output_cw-eunseoh_181.mp4,cw-eunseoh > fsgan
output_cw-eunseoh_183.mp4,cw-eunseoh > fsgan
output_cw-eunseoh_184.mp4,cw-eunseoh > fsgan
output_cw-eunseoh_187.mp4,cw-eunseoh > fsgan
output_cw-eunseoh_189.mp4,cw-eunseoh > fsgan
output_cw-eunseoh_191.mp4,cw-eunseoh > fsgan
output_cw-eunseoh_192.mp4,cw-eunseoh > fsgan
output_cw-eunseoh_195.mp4,cw-eunseoh > fsgan
output_cw-eunseoh_197.mp4,cw-eunseoh > fsgan
output_cw-eunseoh_199.mp4,cw-eunseoh > fsgan
output_cw-eunseoh_200.mp4,cw-eunseoh > fsgan
output_cw-gyuulim_019.mp4,cw-gyuulim > fsgan
output_cw-gyuulim_020.mp4,cw-gyuulim > fsgan
output_cw-gyuulim_024.mp4,cw-gyuulim > fsgan
output_cw-gyuulim_027.mp4,cw-gyuulim > fsgan
output_cw-gyuulim_028.mp4,cw-gyuulim > fsgan
output_cw-gyuulim_032.mp4,cw-gyuulim > fsgan
output_cw-gyuulim_035.mp4,cw-gyuulim > fsgan
output_cw-gyuulim_040.mp4,cw-gyuulim > fsgan
output_cw-gyuulim_043.mp4,cw-gyuulim > fsgan
output_cw-gyuulim_044.mp4,cw-gyuulim > fsgan
output_cw-gyuulim_051.mp4,cw-gyuulim > fsgan
output_cw-gyuulim_052.mp4,cw-gyuulim > fsgan
output_cw-gyuulim_059.mp4,cw-gyuulim > fsgan
output_cw-gyuulim_067.mp4,cw-gyuulim > fsgan
output_cw-gyuulim_068.mp4,cw-gyuulim > fsgan
output_cw-gyuulim_075.mp4,cw-gyuulim > fsgan
output_cw-gyuulim_097.mp4,cw-gyuulim > fsgan
output_cw-gyuulim_105.mp4,cw-gyuulim > fsgan
output_cw-gyuulim_113.mp4,cw-gyuulim > fsgan
output_cw-gyuulim_121.mp4,cw-gyuulim > fsgan
output_cw-gyuulim_129.mp4,cw-gyuulim > fsgan
output_cw-gyuulim_137.mp4,cw-gyuulim > fsgan
output_cw-gyuulim_144.mp4,cw-gyuulim > fsgan
output_cw-gyuulim_145.mp4,cw-gyuulim > fsgan
output_cw-gyuulim_153.mp4,cw-gyuulim > fsgan
output_cw-gyuulim_160.mp4,cw-gyuulim > fsgan
output_cw-gyuulim_161.mp4,cw-gyuulim > fsgan
output_cw-gyuulim_169.mp4,cw-gyuulim > fsgan
output_cw-gyuulim_176.mp4,cw-gyuulim > fsgan
output_cw-gyuulim_177.mp4,cw-gyuulim > fsgan
output_cw-gyuulim_178.mp4,cw-gyuulim > fsgan
output_cw-gyuulim_184.mp4,cw-gyuulim > fsgan
output_cw-gyuulim_186.mp4,cw-gyuulim > fsgan
output_cw-gyuulim_192.mp4,cw-gyuulim > fsgan
output_cw-gyuulim_193.mp4,cw-gyuulim > fsgan
output_cw-gyuulim_200.mp4,cw-gyuulim > fsgan
output_cw-haeyun_003.mp4,cw-haeyun > fsgan
output_cw-haeyun_005.mp4,cw-haeyun > fsgan
output_cw-haeyun_011.mp4,cw-haeyun > fsgan
output_cw-haeyun_019.mp4,cw-haeyun > fsgan
output_cw-haeyun_021.mp4,cw-haeyun > fsgan
output_cw-haeyun_027.mp4,cw-haeyun > fsgan
output_cw-haeyun_029.mp4,cw-haeyun > fsgan
output_cw-haeyun_035.mp4,cw-haeyun > fsgan
output_cw-haeyun_037.mp4,cw-haeyun > fsgan
output_cw-haeyun_043.mp4,cw-haeyun > fsgan
output_cw-haeyun_059.mp4,cw-haeyun > fsgan
output_cw-haeyun_075.mp4,cw-haeyun > fsgan
output_cw-haeyun_122.mp4,cw-haeyun > fsgan
output_cw-haeyun_128.mp4,cw-haeyun > fsgan
output_cw-haeyun_130.mp4,cw-haeyun > fsgan
output_cw-haeyun_136.mp4,cw-haeyun > fsgan
output_cw-haeyun_138.mp4,cw-haeyun > fsgan
output_cw-haeyun_144.mp4,cw-haeyun > fsgan
output_cw-haeyun_152.mp4,cw-haeyun > fsgan
output_cw-haeyun_154.mp4,cw-haeyun > fsgan
output_cw-haeyun_160.mp4,cw-haeyun > fsgan
output_cw-haeyun_161.mp4,cw-haeyun > fsgan
output_cw-haeyun_162.mp4,cw-haeyun > fsgan
output_cw-haeyun_168.mp4,cw-haeyun > fsgan
output_cw-haeyun_169.mp4,cw-haeyun > fsgan
output_cw-haeyun_176.mp4,cw-haeyun > fsgan
output_cw-haeyun_177.mp4,cw-haeyun > fsgan
output_cw-haeyun_178.mp4,cw-haeyun > fsgan
output_cw-haeyun_184.mp4,cw-haeyun > fsgan
output_cw-haeyun_185.mp4,cw-haeyun > fsgan
output_cw-haeyun_186.mp4,cw-haeyun > fsgan
output_cw-haeyun_192.mp4,cw-haeyun > fsgan
output_cw-haeyun_193.mp4,cw-haeyun > fsgan
output_cw-haeyun_194.mp4,cw-haeyun > fsgan
output_cw-haeyun_200.mp4,cw-haeyun > fsgan
output_cw-haeyun_201.mp4,cw-haeyun > fsgan
output_cw-hosuk_001.mp4,cw-hosuk > fsgan
output_cw-hosuk_004.mp4,cw-hosuk > fsgan
output_cw-hosuk_006.mp4,cw-hosuk > fsgan
output_cw-hosuk_009.mp4,cw-hosuk > fsgan
output_cw-hosuk_012.mp4,cw-hosuk > fsgan
output_cw-hosuk_014.mp4,cw-hosuk > fsgan
output_cw-hosuk_017.mp4,cw-hosuk > fsgan
output_cw-hosuk_020.mp4,cw-hosuk > fsgan
output_cw-hosuk_022.mp4,cw-hosuk > fsgan
output_cw-hosuk_028.mp4,cw-hosuk > fsgan
output_cw-hosuk_030.mp4,cw-hosuk > fsgan
output_cw-hosuk_033.mp4,cw-hosuk > fsgan
output_cw-hosuk_036.mp4,cw-hosuk > fsgan
output_cw-hosuk_038.mp4,cw-hosuk > fsgan
output_cw-hosuk_044.mp4,cw-hosuk > fsgan
output_cw-hosuk_052.mp4,cw-hosuk > fsgan
output_cw-hosuk_060.mp4,cw-hosuk > fsgan
output_cw-hosuk_068.mp4,cw-hosuk > fsgan
output_cw-hosuk_147.mp4,cw-hosuk > fsgan
output_cw-hosuk_155.mp4,cw-hosuk > fsgan
output_cw-hosuk_163.mp4,cw-hosuk > fsgan
output_cw-hosuk_164.mp4,cw-hosuk > fsgan
output_cw-hosuk_166.mp4,cw-hosuk > fsgan
output_cw-hosuk_171.mp4,cw-hosuk > fsgan
output_cw-hosuk_174.mp4,cw-hosuk > fsgan
output_cw-hosuk_179.mp4,cw-hosuk > fsgan
output_cw-hosuk_180.mp4,cw-hosuk > fsgan
output_cw-hosuk_190.mp4,cw-hosuk > fsgan
output_cw-hosuk_195.mp4,cw-hosuk > fsgan
output_cw-hosuk_196.mp4,cw-hosuk > fsgan
output_cw-hosuk_198.mp4,cw-hosuk > fsgan
output_cw-hyeongmin_004.mp4,cw-hyeongmin > fsgan
output_cw-hyeongmin_008.mp4,cw-hyeongmin > fsgan
output_cw-hyeongmin_012.mp4,cw-hyeongmin > fsgan
output_cw-hyeongmin_016.mp4,cw-hyeongmin > fsgan
output_cw-hyeongmin_020.mp4,cw-hyeongmin > fsgan
output_cw-hyeongmin_024.mp4,cw-hyeongmin > fsgan
output_cw-hyeongmin_028.mp4,cw-hyeongmin > fsgan
output_cw-hyeongmin_032.mp4,cw-hyeongmin > fsgan
output_cw-hyeongmin_044.mp4,cw-hyeongmin > fsgan
output_cw-hyeongmin_048.mp4,cw-hyeongmin > fsgan
output_cw-hyeongmin_052.mp4,cw-hyeongmin > fsgan
output_cw-hyeongmin_056.mp4,cw-hyeongmin > fsgan
output_cw-hyeongmin_060.mp4,cw-hyeongmin > fsgan
output_cw-hyeongmin_064.mp4,cw-hyeongmin > fsgan
output_cw-hyeongmin_068.mp4,cw-hyeongmin > fsgan
output_cw-hyeongmin_072.mp4,cw-hyeongmin > fsgan
output_cw-hyeongmin_076.mp4,cw-hyeongmin > fsgan
output_cw-hyeongmin_080.mp4,cw-hyeongmin > fsgan
output_cw-hyeongmin_083.mp4,cw-hyeongmin > fsgan
output_cw-hyeongmin_085.mp4,cw-hyeongmin > fsgan
output_cw-hyeongmin_087.mp4,cw-hyeongmin > fsgan
output_cw-hyeongmin_091.mp4,cw-hyeongmin > fsgan
output_cw-hyeongmin_093.mp4,cw-hyeongmin > fsgan
output_cw-hyeongmin_095.mp4,cw-hyeongmin > fsgan
output_cw-hyeongmin_096.mp4,cw-hyeongmin > fsgan
output_cw-hyeongmin_099.mp4,cw-hyeongmin > fsgan
output_cw-hyeongmin_103.mp4,cw-hyeongmin > fsgan
output_cw-hyeongmin_104.mp4,cw-hyeongmin > fsgan
output_cw-hyeongmin_107.mp4,cw-hyeongmin > fsgan
output_cw-hyeongmin_109.mp4,cw-hyeongmin > fsgan
output_cw-hyeongmin_111.mp4,cw-hyeongmin > fsgan
output_cw-hyeongmin_112.mp4,cw-hyeongmin > fsgan
output_cw-hyeongmin_115.mp4,cw-hyeongmin > fsgan
output_cw-hyeongmin_117.mp4,cw-hyeongmin > fsgan
output_cw-hyeongmin_119.mp4,cw-hyeongmin > fsgan
output_cw-hyeongmin_120.mp4,cw-hyeongmin > fsgan
output_cw-hyeongmin_122.mp4,cw-hyeongmin > fsgan
output_cw-hyeongmin_123.mp4,cw-hyeongmin > fsgan
output_cw-hyeongmin_127.mp4,cw-hyeongmin > fsgan
output_cw-hyeongmin_130.mp4,cw-hyeongmin > fsgan
output_cw-hyeongmin_131.mp4,cw-hyeongmin > fsgan
output_cw-hyeongmin_133.mp4,cw-hyeongmin > fsgan
output_cw-hyeongmin_138.mp4,cw-hyeongmin > fsgan
output_cw-hyeongmin_139.mp4,cw-hyeongmin > fsgan
output_cw-hyeongmin_141.mp4,cw-hyeongmin > fsgan
output_cw-hyeongmin_143.mp4,cw-hyeongmin > fsgan
output_cw-hyeongmin_146.mp4,cw-hyeongmin > fsgan
output_cw-hyeongmin_147.mp4,cw-hyeongmin > fsgan
output_cw-hyeongmin_149.mp4,cw-hyeongmin > fsgan
output_cw-hyeongmin_151.mp4,cw-hyeongmin > fsgan
output_cw-hyeongmin_154.mp4,cw-hyeongmin > fsgan
output_cw-hyeongmin_155.mp4,cw-hyeongmin > fsgan
output_cw-hyeongmin_157.mp4,cw-hyeongmin > fsgan
output_cw-hyeongmin_159.mp4,cw-hyeongmin > fsgan
output_cw-hyeongmin_162.mp4,cw-hyeongmin > fsgan
output_cw-hyeongmin_163.mp4,cw-hyeongmin > fsgan
output_cw-hyeongmin_166.mp4,cw-hyeongmin > fsgan
output_cw-hyeongmin_167.mp4,cw-hyeongmin > fsgan
output_cw-hyeongmin_170.mp4,cw-hyeongmin > fsgan
output_cw-hyeongmin_171.mp4,cw-hyeongmin > fsgan
output_cw-hyeongmin_175.mp4,cw-hyeongmin > fsgan
output_cw-hyeongmin_178.mp4,cw-hyeongmin > fsgan
output_cw-hyeongmin_182.mp4,cw-hyeongmin > fsgan
output_cw-hyeongmin_183.mp4,cw-hyeongmin > fsgan
output_cw-hyeongmin_186.mp4,cw-hyeongmin > fsgan
output_cw-hyeongmin_187.mp4,cw-hyeongmin > fsgan
output_cw-hyeongmin_189.mp4,cw-hyeongmin > fsgan
output_cw-hyeongmin_190.mp4,cw-hyeongmin > fsgan
output_cw-hyeongmin_191.mp4,cw-hyeongmin > fsgan
output_cw-hyeongmin_195.mp4,cw-hyeongmin > fsgan
output_cw-hyeongmin_197.mp4,cw-hyeongmin > fsgan
output_cw-hyeongmin_198.mp4,cw-hyeongmin > fsgan
output_cw-hyeongmin_199.mp4,cw-hyeongmin > fsgan
output_cw-hyunjae_002.mp4,cw-hyunjae > fsgan
output_cw-hyunjae_004.mp4,cw-hyunjae > fsgan
output_cw-hyunjae_006.mp4,cw-hyunjae > fsgan
output_cw-hyunjae_008.mp4,cw-hyunjae > fsgan
output_cw-hyunjae_010.mp4,cw-hyunjae > fsgan
output_cw-hyunjae_012.mp4,cw-hyunjae > fsgan
output_cw-hyunjae_014.mp4,cw-hyunjae > fsgan
output_cw-hyunjae_016.mp4,cw-hyunjae > fsgan
output_cw-hyunjae_018.mp4,cw-hyunjae > fsgan
output_cw-hyunjae_019.mp4,cw-hyunjae > fsgan
output_cw-hyunjae_022.mp4,cw-hyunjae > fsgan
output_cw-hyunjae_024.mp4,cw-hyunjae > fsgan
output_cw-hyunjae_026.mp4,cw-hyunjae > fsgan
output_cw-hyunjae_027.mp4,cw-hyunjae > fsgan
output_cw-hyunjae_030.mp4,cw-hyunjae > fsgan
output_cw-hyunjae_032.mp4,cw-hyunjae > fsgan
output_cw-hyunjae_034.mp4,cw-hyunjae > fsgan
output_cw-hyunjae_035.mp4,cw-hyunjae > fsgan
output_cw-hyunjae_036.mp4,cw-hyunjae > fsgan
output_cw-hyunjae_038.mp4,cw-hyunjae > fsgan
output_cw-hyunjae_052.mp4,cw-hyunjae > fsgan
output_cw-hyunjae_054.mp4,cw-hyunjae > fsgan
output_cw-hyunjae_060.mp4,cw-hyunjae > fsgan
output_cw-hyunjae_070.mp4,cw-hyunjae > fsgan
output_cw-hyunjae_076.mp4,cw-hyunjae > fsgan
output_cw-hyunjae_079.mp4,cw-hyunjae > fsgan
output_cw-hyunjae_084.mp4,cw-hyunjae > fsgan
output_cw-hyunjae_086.mp4,cw-hyunjae > fsgan
output_cw-hyunjae_087.mp4,cw-hyunjae > fsgan
output_cw-hyunjae_092.mp4,cw-hyunjae > fsgan
output_cw-hyunjae_095.mp4,cw-hyunjae > fsgan
output_cw-hyunjae_100.mp4,cw-hyunjae > fsgan
output_cw-hyunjae_102.mp4,cw-hyunjae > fsgan
output_cw-hyunjae_103.mp4,cw-hyunjae > fsgan
output_cw-hyunjae_108.mp4,cw-hyunjae > fsgan
output_cw-hyunjae_110.mp4,cw-hyunjae > fsgan
output_cw-hyunjae_111.mp4,cw-hyunjae > fsgan
output_cw-hyunjae_116.mp4,cw-hyunjae > fsgan
output_cw-hyunjae_118.mp4,cw-hyunjae > fsgan
output_cw-hyunjae_119.mp4,cw-hyunjae > fsgan
output_cw-hyunjae_135.mp4,cw-hyunjae > fsgan
output_cw-hyunjae_137.mp4,cw-hyunjae > fsgan
output_cw-hyunjae_145.mp4,cw-hyunjae > fsgan
output_cw-hyunjae_146.mp4,cw-hyunjae > fsgan
output_cw-hyunjae_149.mp4,cw-hyunjae > fsgan
output_cw-hyunjae_151.mp4,cw-hyunjae > fsgan
output_cw-hyunjae_154.mp4,cw-hyunjae > fsgan
output_cw-hyunjae_157.mp4,cw-hyunjae > fsgan
output_cw-hyunjae_159.mp4,cw-hyunjae > fsgan
output_cw-hyunjae_161.mp4,cw-hyunjae > fsgan
output_cw-hyunjae_165.mp4,cw-hyunjae > fsgan
output_cw-hyunjae_167.mp4,cw-hyunjae > fsgan
output_cw-hyunjae_169.mp4,cw-hyunjae > fsgan
output_cw-hyunjae_170.mp4,cw-hyunjae > fsgan
output_cw-hyunjae_173.mp4,cw-hyunjae > fsgan
output_cw-hyunjae_175.mp4,cw-hyunjae > fsgan
output_cw-hyunjae_177.mp4,cw-hyunjae > fsgan
output_cw-hyunjae_179.mp4,cw-hyunjae > fsgan
output_cw-hyunjae_181.mp4,cw-hyunjae > fsgan
output_cw-hyunjae_183.mp4,cw-hyunjae > fsgan
output_cw-hyunjae_185.mp4,cw-hyunjae > fsgan
output_cw-hyunjae_186.mp4,cw-hyunjae > fsgan
output_cw-hyunjae_193.mp4,cw-hyunjae > fsgan
output_cw-hyunjae_194.mp4,cw-hyunjae > fsgan
output_cw-hyunjae_195.mp4,cw-hyunjae > fsgan
output_cw-hyunjae_197.mp4,cw-hyunjae > fsgan
output_cw-hyunjae_199.mp4,cw-hyunjae > fsgan
output_cw-ilseok_003.mp4,cw-ilseok > fsgan
output_cw-ilseok_004.mp4,cw-ilseok > fsgan
output_cw-ilseok_008.mp4,cw-ilseok > fsgan
output_cw-ilseok_009.mp4,cw-ilseok > fsgan
output_cw-ilseok_011.mp4,cw-ilseok > fsgan
output_cw-ilseok_012.mp4,cw-ilseok > fsgan
output_cw-ilseok_015.mp4,cw-ilseok > fsgan
output_cw-ilseok_016.mp4,cw-ilseok > fsgan
output_cw-ilseok_017.mp4,cw-ilseok > fsgan
output_cw-ilseok_019.mp4,cw-ilseok > fsgan
output_cw-ilseok_024.mp4,cw-ilseok > fsgan
output_cw-ilseok_025.mp4,cw-ilseok > fsgan
output_cw-ilseok_027.mp4,cw-ilseok > fsgan
output_cw-ilseok_028.mp4,cw-ilseok > fsgan
output_cw-ilseok_031.mp4,cw-ilseok > fsgan
output_cw-ilseok_032.mp4,cw-ilseok > fsgan
output_cw-ilseok_035.mp4,cw-ilseok > fsgan
output_cw-ilseok_036.mp4,cw-ilseok > fsgan
output_cw-ilseok_039.mp4,cw-ilseok > fsgan
output_cw-ilseok_040.mp4,cw-ilseok > fsgan
output_cw-ilseok_041.mp4,cw-ilseok > fsgan
output_cw-ilseok_047.mp4,cw-ilseok > fsgan
output_cw-ilseok_048.mp4,cw-ilseok > fsgan
output_cw-ilseok_049.mp4,cw-ilseok > fsgan
output_cw-ilseok_055.mp4,cw-ilseok > fsgan
output_cw-ilseok_056.mp4,cw-ilseok > fsgan
output_cw-ilseok_057.mp4,cw-ilseok > fsgan
output_cw-ilseok_063.mp4,cw-ilseok > fsgan
output_cw-ilseok_064.mp4,cw-ilseok > fsgan
output_cw-ilseok_065.mp4,cw-ilseok > fsgan
output_cw-ilseok_072.mp4,cw-ilseok > fsgan
output_cw-ilseok_073.mp4,cw-ilseok > fsgan
output_cw-ilseok_123.mp4,cw-ilseok > fsgan
output_cw-ilseok_131.mp4,cw-ilseok > fsgan
output_cw-ilseok_139.mp4,cw-ilseok > fsgan
output_cw-ilseok_155.mp4,cw-ilseok > fsgan
output_cw-ilseok_161.mp4,cw-ilseok > fsgan
output_cw-ilseok_162.mp4,cw-ilseok > fsgan
output_cw-ilseok_163.mp4,cw-ilseok > fsgan
output_cw-ilseok_165.mp4,cw-ilseok > fsgan
output_cw-ilseok_166.mp4,cw-ilseok > fsgan
output_cw-ilseok_170.mp4,cw-ilseok > fsgan
output_cw-ilseok_171.mp4,cw-ilseok > fsgan
output_cw-ilseok_173.mp4,cw-ilseok > fsgan
output_cw-ilseok_174.mp4,cw-ilseok > fsgan
output_cw-ilseok_177.mp4,cw-ilseok > fsgan
output_cw-ilseok_178.mp4,cw-ilseok > fsgan
output_cw-ilseok_179.mp4,cw-ilseok > fsgan
output_cw-ilseok_181.mp4,cw-ilseok > fsgan
output_cw-ilseok_182.mp4,cw-ilseok > fsgan
output_cw-ilseok_185.mp4,cw-ilseok > fsgan
output_cw-ilseok_186.mp4,cw-ilseok > fsgan
output_cw-ilseok_187.mp4,cw-ilseok > fsgan
output_cw-ilseok_189.mp4,cw-ilseok > fsgan
output_cw-ilseok_190.mp4,cw-ilseok > fsgan
output_cw-ilseok_193.mp4,cw-ilseok > fsgan
output_cw-ilseok_194.mp4,cw-ilseok > fsgan
output_cw-ilseok_195.mp4,cw-ilseok > fsgan
output_cw-ilseok_197.mp4,cw-ilseok > fsgan
output_cw-ilseok_198.mp4,cw-ilseok > fsgan
output_cw-jihyeon_017.mp4,cw-jihyeon > fsgan
output_cw-jihyeon_133.mp4,cw-jihyeon > fsgan
output_cw-jihyeon_149.mp4,cw-jihyeon > fsgan
output_cw-jihyeon_173.mp4,cw-jihyeon > fsgan
output_cw-jihyeon_178.mp4,cw-jihyeon > fsgan
output_cw-jihyeon_181.mp4,cw-jihyeon > fsgan
output_cw-jihyeon_186.mp4,cw-jihyeon > fsgan
output_cw-jihyeon_189.mp4,cw-jihyeon > fsgan
output_cw-jiyeon_140.mp4,cw-jiyeon > fsgan
output_cw-jiyeon_156.mp4,cw-jiyeon > fsgan
output_cw-jiyeon_164.mp4,cw-jiyeon > fsgan
output_cw-jiyeon_172.mp4,cw-jiyeon > fsgan
output_cw-jiyeon_180.mp4,cw-jiyeon > fsgan
output_cw-jiyeon_188.mp4,cw-jiyeon > fsgan
output_cw-jiyeon_196.mp4,cw-jiyeon > fsgan
output_cw-jongsuu_002.mp4,cw-jongsuu > fsgan
output_cw-jongsuu_006.mp4,cw-jongsuu > fsgan
output_cw-jongsuu_009.mp4,cw-jongsuu > fsgan
output_cw-jongsuu_017.mp4,cw-jongsuu > fsgan
output_cw-jongsuu_018.mp4,cw-jongsuu > fsgan
output_cw-jongsuu_022.mp4,cw-jongsuu > fsgan
output_cw-jongsuu_025.mp4,cw-jongsuu > fsgan
output_cw-jongsuu_026.mp4,cw-jongsuu > fsgan
output_cw-jongsuu_030.mp4,cw-jongsuu > fsgan
output_cw-jongsuu_034.mp4,cw-jongsuu > fsgan
output_cw-jongsuu_038.mp4,cw-jongsuu > fsgan
output_cw-jongsuu_042.mp4,cw-jongsuu > fsgan
output_cw-jongsuu_046.mp4,cw-jongsuu > fsgan
output_cw-jongsuu_050.mp4,cw-jongsuu > fsgan
output_cw-jongsuu_054.mp4,cw-jongsuu > fsgan
output_cw-jongsuu_058.mp4,cw-jongsuu > fsgan
output_cw-jongsuu_062.mp4,cw-jongsuu > fsgan
output_cw-jongsuu_066.mp4,cw-jongsuu > fsgan
output_cw-jongsuu_070.mp4,cw-jongsuu > fsgan
output_cw-jongsuu_074.mp4,cw-jongsuu > fsgan
output_cw-jongsuu_078.mp4,cw-jongsuu > fsgan
output_cw-jongsuu_183.mp4,cw-jongsuu > fsgan
output_cw-jongsuu_191.mp4,cw-jongsuu > fsgan
output_cw-jongsuu_199.mp4,cw-jongsuu > fsgan
output_cw-jungkyung_083.mp4,cw-jungkyung > fsgan
output_cw-jungkyung_091.mp4,cw-jungkyung > fsgan
output_cw-jungkyung_099.mp4,cw-jungkyung > fsgan
output_cw-jungkyung_107.mp4,cw-jungkyung > fsgan
output_cw-jungkyung_115.mp4,cw-jungkyung > fsgan
output_cw-jungkyung_123.mp4,cw-jungkyung > fsgan
output_cw-jungkyung_127.mp4,cw-jungkyung > fsgan
output_cw-jungkyung_130.mp4,cw-jungkyung > fsgan
output_cw-jungkyung_131.mp4,cw-jungkyung > fsgan
output_cw-jungkyung_135.mp4,cw-jungkyung > fsgan
output_cw-jungkyung_138.mp4,cw-jungkyung > fsgan
output_cw-jungkyung_139.mp4,cw-jungkyung > fsgan
output_cw-jungkyung_143.mp4,cw-jungkyung > fsgan
output_cw-jungkyung_145.mp4,cw-jungkyung > fsgan
output_cw-jungkyung_147.mp4,cw-jungkyung > fsgan
output_cw-jungkyung_153.mp4,cw-jungkyung > fsgan
output_cw-jungkyung_154.mp4,cw-jungkyung > fsgan
output_cw-jungkyung_159.mp4,cw-jungkyung > fsgan
output_cw-jungkyung_161.mp4,cw-jungkyung > fsgan
output_cw-jungkyung_162.mp4,cw-jungkyung > fsgan
output_cw-jungkyung_163.mp4,cw-jungkyung > fsgan
output_cw-jungkyung_167.mp4,cw-jungkyung > fsgan
output_cw-jungkyung_168.mp4,cw-jungkyung > fsgan
output_cw-jungkyung_170.mp4,cw-jungkyung > fsgan
output_cw-jungkyung_171.mp4,cw-jungkyung > fsgan
output_cw-jungkyung_175.mp4,cw-jungkyung > fsgan
output_cw-jungkyung_176.mp4,cw-jungkyung > fsgan
output_cw-jungkyung_177.mp4,cw-jungkyung > fsgan
output_cw-jungkyung_178.mp4,cw-jungkyung > fsgan
output_cw-jungkyung_179.mp4,cw-jungkyung > fsgan
output_cw-jungkyung_183.mp4,cw-jungkyung > fsgan
output_cw-jungkyung_184.mp4,cw-jungkyung > fsgan
output_cw-jungkyung_185.mp4,cw-jungkyung > fsgan
output_cw-jungkyung_186.mp4,cw-jungkyung > fsgan
output_cw-jungkyung_187.mp4,cw-jungkyung > fsgan
output_cw-kimjin_027.mp4,cw-kimjin > fsgan
output_cw-kimjin_035.mp4,cw-kimjin > fsgan
output_cw-kimjin_051.mp4,cw-kimjin > fsgan
output_cw-kimjin_067.mp4,cw-kimjin > fsgan
output_cw-kimjin_075.mp4,cw-kimjin > fsgan
output_cw-kimjin_087.mp4,cw-kimjin > fsgan
output_cw-kimjin_095.mp4,cw-kimjin > fsgan
output_cw-kimjin_103.mp4,cw-kimjin > fsgan
output_cw-kimjin_119.mp4,cw-kimjin > fsgan
output_cw-kimjin_127.mp4,cw-kimjin > fsgan
output_cw-kimjin_135.mp4,cw-kimjin > fsgan
output_cw-kimjin_143.mp4,cw-kimjin > fsgan
output_cw-kimjin_151.mp4,cw-kimjin > fsgan
output_cw-kimjin_159.mp4,cw-kimjin > fsgan
output_cw-kimjin_165.mp4,cw-kimjin > fsgan
output_cw-kimjin_167.mp4,cw-kimjin > fsgan
output_cw-kimjin_173.mp4,cw-kimjin > fsgan
output_cw-kimjin_175.mp4,cw-kimjin > fsgan
output_cw-kimjin_181.mp4,cw-kimjin > fsgan
output_cw-kimjin_183.mp4,cw-kimjin > fsgan
output_cw-kimjin_189.mp4,cw-kimjin > fsgan
output_cw-kimjin_191.mp4,cw-kimjin > fsgan
output_cw-kimjin_197.mp4,cw-kimjin > fsgan
output_cw-miae_151.mp4,cw-miae > fsgan
output_cw-miae_167.mp4,cw-miae > fsgan
output_cw-miae_180.mp4,cw-miae > fsgan
output_cw-miae_183.mp4,cw-miae > fsgan
output_cw-miae_188.mp4,cw-miae > fsgan
output_cw-miae_191.mp4,cw-miae > fsgan
output_cw-miae_196.mp4,cw-miae > fsgan
output_cw-miae_199.mp4,cw-miae > fsgan
output_cw-pillyun_019.mp4,cw-pillyun > fsgan
output_cw-pillyun_020.mp4,cw-pillyun > fsgan
output_cw-pillyun_021.mp4,cw-pillyun > fsgan
output_cw-pillyun_022.mp4,cw-pillyun > fsgan
output_cw-pillyun_023.mp4,cw-pillyun > fsgan
output_cw-pillyun_025.mp4,cw-pillyun > fsgan
output_cw-pillyun_027.mp4,cw-pillyun > fsgan
output_cw-pillyun_028.mp4,cw-pillyun > fsgan
output_cw-pillyun_029.mp4,cw-pillyun > fsgan
output_cw-pillyun_030.mp4,cw-pillyun > fsgan
output_cw-pillyun_031.mp4,cw-pillyun > fsgan
output_cw-pillyun_035.mp4,cw-pillyun > fsgan
output_cw-pillyun_036.mp4,cw-pillyun > fsgan
output_cw-pillyun_037.mp4,cw-pillyun > fsgan
output_cw-pillyun_044.mp4,cw-pillyun > fsgan
output_cw-pillyun_047.mp4,cw-pillyun > fsgan
output_cw-pillyun_052.mp4,cw-pillyun > fsgan
output_cw-pillyun_060.mp4,cw-pillyun > fsgan
output_cw-pillyun_063.mp4,cw-pillyun > fsgan
output_cw-pillyun_066.mp4,cw-pillyun > fsgan
output_cw-pillyun_068.mp4,cw-pillyun > fsgan
output_cw-pillyun_071.mp4,cw-pillyun > fsgan
output_cw-pillyun_076.mp4,cw-pillyun > fsgan
output_cw-pillyun_084.mp4,cw-pillyun > fsgan
output_cw-pillyun_090.mp4,cw-pillyun > fsgan
output_cw-pillyun_106.mp4,cw-pillyun > fsgan
output_cw-pillyun_107.mp4,cw-pillyun > fsgan
output_cw-pillyun_138.mp4,cw-pillyun > fsgan
output_cw-pillyun_144.mp4,cw-pillyun > fsgan
output_cw-pillyun_145.mp4,cw-pillyun > fsgan
output_cw-pillyun_146.mp4,cw-pillyun > fsgan
output_cw-pillyun_152.mp4,cw-pillyun > fsgan
output_cw-pillyun_153.mp4,cw-pillyun > fsgan
output_cw-pillyun_155.mp4,cw-pillyun > fsgan
output_cw-pillyun_160.mp4,cw-pillyun > fsgan
output_cw-pillyun_161.mp4,cw-pillyun > fsgan
output_cw-pillyun_162.mp4,cw-pillyun > fsgan
output_cw-pillyun_163.mp4,cw-pillyun > fsgan
output_cw-pillyun_177.mp4,cw-pillyun > fsgan
output_cw-pillyun_179.mp4,cw-pillyun > fsgan
output_cw-pillyun_182.mp4,cw-pillyun > fsgan
output_cw-pillyun_185.mp4,cw-pillyun > fsgan
output_cw-pillyun_186.mp4,cw-pillyun > fsgan
output_cw-pillyun_187.mp4,cw-pillyun > fsgan
output_cw-pillyun_189.mp4,cw-pillyun > fsgan
output_cw-pillyun_194.mp4,cw-pillyun > fsgan
output_cw-pillyun_195.mp4,cw-pillyun > fsgan
output_cw-pillyun_197.mp4,cw-pillyun > fsgan
output_cw-pillyun_200.mp4,cw-pillyun > fsgan
output_cw-seongjin_017.mp4,cw-seongjin > fsgan
output_cw-seongjin_018.mp4,cw-seongjin > fsgan
output_cw-seongjin_020.mp4,cw-seongjin > fsgan
output_cw-seongjin_025.mp4,cw-seongjin > fsgan
output_cw-seongjin_026.mp4,cw-seongjin > fsgan
output_cw-seongjin_031.mp4,cw-seongjin > fsgan
output_cw-seongjin_032.mp4,cw-seongjin > fsgan
output_cw-seongjin_033.mp4,cw-seongjin > fsgan
output_cw-seongjin_034.mp4,cw-seongjin > fsgan
output_cw-seongjin_036.mp4,cw-seongjin > fsgan
output_cw-seongjin_045.mp4,cw-seongjin > fsgan
output_cw-seongjin_047.mp4,cw-seongjin > fsgan
output_cw-seongjin_049.mp4,cw-seongjin > fsgan
output_cw-seongjin_055.mp4,cw-seongjin > fsgan
output_cw-seongjin_059.mp4,cw-seongjin > fsgan
output_cw-seongjin_063.mp4,cw-seongjin > fsgan
output_cw-seongjin_065.mp4,cw-seongjin > fsgan
output_cw-seongjin_067.mp4,cw-seongjin > fsgan
output_cw-seongjin_071.mp4,cw-seongjin > fsgan
output_cw-seongjin_073.mp4,cw-seongjin > fsgan
output_cw-seongjin_075.mp4,cw-seongjin > fsgan
output_cw-seongjin_077.mp4,cw-seongjin > fsgan
output_cw-seongjin_079.mp4,cw-seongjin > fsgan
output_cw-seongjin_083.mp4,cw-seongjin > fsgan
output_cw-seongjin_091.mp4,cw-seongjin > fsgan
output_cw-seongjin_099.mp4,cw-seongjin > fsgan
output_cw-seongjin_107.mp4,cw-seongjin > fsgan
output_cw-seongjin_115.mp4,cw-seongjin > fsgan
output_cw-seongjin_131.mp4,cw-seongjin > fsgan
output_cw-seongjin_138.mp4,cw-seongjin > fsgan
output_cw-seongjin_139.mp4,cw-seongjin > fsgan
output_cw-seongjin_147.mp4,cw-seongjin > fsgan
output_cw-seongjin_155.mp4,cw-seongjin > fsgan
output_cw-seongjin_162.mp4,cw-seongjin > fsgan
output_cw-seongjin_163.mp4,cw-seongjin > fsgan
output_cw-seongjin_170.mp4,cw-seongjin > fsgan
output_cw-seongjin_171.mp4,cw-seongjin > fsgan
output_cw-seongjin_178.mp4,cw-seongjin > fsgan
output_cw-seongjin_179.mp4,cw-seongjin > fsgan
output_cw-seongjin_180.mp4,cw-seongjin > fsgan
output_cw-seongjin_186.mp4,cw-seongjin > fsgan
output_cw-seongjin_187.mp4,cw-seongjin > fsgan
output_cw-seongjin_188.mp4,cw-seongjin > fsgan
output_cw-seongjin_194.mp4,cw-seongjin > fsgan
output_cw-seongjin_195.mp4,cw-seongjin > fsgan
output_cw-seongjin_196.mp4,cw-seongjin > fsgan
output_cw-soyeon_023.mp4,cw-soyeon > fsgan
output_cw-soyeon_039.mp4,cw-soyeon > fsgan
output_cw-suji_018.mp4,cw-suji > fsgan
output_cw-suji_019.mp4,cw-suji > fsgan
output_cw-suji_026.mp4,cw-suji > fsgan
output_cw-suji_027.mp4,cw-suji > fsgan
output_cw-suji_030.mp4,cw-suji > fsgan
output_cw-suji_032.mp4,cw-suji > fsgan
output_cw-suji_034.mp4,cw-suji > fsgan
output_cw-suji_035.mp4,cw-suji > fsgan
output_cw-suji_038.mp4,cw-suji > fsgan
output_cw-suji_138.mp4,cw-suji > fsgan
output_cw-suji_139.mp4,cw-suji > fsgan
output_cw-suji_141.mp4,cw-suji > fsgan
output_cw-suji_145.mp4,cw-suji > fsgan
output_cw-suji_146.mp4,cw-suji > fsgan
output_cw-suji_149.mp4,cw-suji > fsgan
output_cw-suji_153.mp4,cw-suji > fsgan
output_cw-suji_154.mp4,cw-suji > fsgan
output_cw-suji_155.mp4,cw-suji > fsgan
output_cw-suji_157.mp4,cw-suji > fsgan
output_cw-suji_161.mp4,cw-suji > fsgan
output_cw-suji_162.mp4,cw-suji > fsgan
output_cw-suji_163.mp4,cw-suji > fsgan
output_cw-suji_165.mp4,cw-suji > fsgan
output_cw-suji_169.mp4,cw-suji > fsgan
output_cw-suji_170.mp4,cw-suji > fsgan
output_cw-suji_171.mp4,cw-suji > fsgan
output_cw-suji_173.mp4,cw-suji > fsgan
output_cw-suji_177.mp4,cw-suji > fsgan
output_cw-suji_178.mp4,cw-suji > fsgan
output_cw-suji_179.mp4,cw-suji > fsgan
output_cw-suji_181.mp4,cw-suji > fsgan
output_cw-suji_185.mp4,cw-suji > fsgan
output_cw-suji_186.mp4,cw-suji > fsgan
output_cw-suji_187.mp4,cw-suji > fsgan
output_cw-suji_189.mp4,cw-suji > fsgan
output_cw-suji_194.mp4,cw-suji > fsgan
output_cw-suji_195.mp4,cw-suji > fsgan
output_cw-suu_001.mp4,cw-suu > fsgan
output_cw-suu_004.mp4,cw-suu > fsgan
output_cw-suu_008.mp4,cw-suu > fsgan
output_cw-suu_009.mp4,cw-suu > fsgan
output_cw-suu_012.mp4,cw-suu > fsgan
output_cw-suu_016.mp4,cw-suu > fsgan
output_cw-suu_020.mp4,cw-suu > fsgan
output_cw-suu_024.mp4,cw-suu > fsgan
output_cw-suu_025.mp4,cw-suu > fsgan
output_cw-suu_028.mp4,cw-suu > fsgan
output_cw-suu_033.mp4,cw-suu > fsgan
output_cw-suu_040.mp4,cw-suu > fsgan
output_cw-suu_041.mp4,cw-suu > fsgan
output_cw-suu_048.mp4,cw-suu > fsgan
output_cw-suu_049.mp4,cw-suu > fsgan
output_cw-suu_057.mp4,cw-suu > fsgan
output_cw-suu_064.mp4,cw-suu > fsgan
output_cw-suu_065.mp4,cw-suu > fsgan
output_cw-suu_072.mp4,cw-suu > fsgan
output_cw-suu_073.mp4,cw-suu > fsgan
output_cw-suu_140.mp4,cw-suu > fsgan
output_cw-suu_148.mp4,cw-suu > fsgan
output_cw-suu_156.mp4,cw-suu > fsgan
output_cw-suu_172.mp4,cw-suu > fsgan
output_cw-suu_180.mp4,cw-suu > fsgan
output_cw-suu_188.mp4,cw-suu > fsgan
output_cw-suu_196.mp4,cw-suu > fsgan
output_cw-taehwan_001.mp4,cw-taehwan > fsgan
output_cw-taehwan_002.mp4,cw-taehwan > fsgan
output_cw-taehwan_003.mp4,cw-taehwan > fsgan
output_cw-taehwan_009.mp4,cw-taehwan > fsgan
output_cw-taehwan_011.mp4,cw-taehwan > fsgan
output_cw-taehwan_017.mp4,cw-taehwan > fsgan
output_cw-taehwan_019.mp4,cw-taehwan > fsgan
output_cw-taehwan_025.mp4,cw-taehwan > fsgan
output_cw-taehwan_026.mp4,cw-taehwan > fsgan
output_cw-taehwan_027.mp4,cw-taehwan > fsgan
output_cw-taehwan_033.mp4,cw-taehwan > fsgan
output_cw-taehwan_035.mp4,cw-taehwan > fsgan
output_cw-yongdeok_006.mp4,cw-yongdeok > fsgan
output_cw-yongdeok_014.mp4,cw-yongdeok > fsgan
output_cw-yongdeok_030.mp4,cw-yongdeok > fsgan
output_cw-yongdeok_038.mp4,cw-yongdeok > fsgan
output_cw-yongdeok_043.mp4,cw-yongdeok > fsgan
output_cw-yongdeok_051.mp4,cw-yongdeok > fsgan
output_cw-yongdeok_059.mp4,cw-yongdeok > fsgan
output_cw-yongdeok_075.mp4,cw-yongdeok > fsgan
output_cw-yongdeok_083.mp4,cw-yongdeok > fsgan
output_cw-yongdeok_091.mp4,cw-yongdeok > fsgan
output_cw-yongdeok_099.mp4,cw-yongdeok > fsgan
output_cw-yongdeok_107.mp4,cw-yongdeok > fsgan
output_cw-yongdeok_123.mp4,cw-yongdeok > fsgan
output_cw-yongdeok_124.mp4,cw-yongdeok > fsgan
output_cw-yongdeok_130.mp4,cw-yongdeok > fsgan
output_cw-yongdeok_131.mp4,cw-yongdeok > fsgan
output_cw-yongdeok_138.mp4,cw-yongdeok > fsgan
output_cw-yongdeok_139.mp4,cw-yongdeok > fsgan
output_cw-yongdeok_140.mp4,cw-yongdeok > fsgan
output_cw-yongdeok_146.mp4,cw-yongdeok > fsgan
output_cw-yongdeok_147.mp4,cw-yongdeok > fsgan
output_cw-yongdeok_148.mp4,cw-yongdeok > fsgan
output_cw-yongdeok_154.mp4,cw-yongdeok > fsgan
output_cw-yongdeok_155.mp4,cw-yongdeok > fsgan
output_cw-yongdeok_162.mp4,cw-yongdeok > fsgan
output_cw-yongdeok_163.mp4,cw-yongdeok > fsgan
output_cw-yongdeok_164.mp4,cw-yongdeok > fsgan
output_cw-yongdeok_170.mp4,cw-yongdeok > fsgan
output_cw-yongdeok_171.mp4,cw-yongdeok > fsgan
output_cw-yongdeok_172.mp4,cw-yongdeok > fsgan
output_cw-yongdeok_178.mp4,cw-yongdeok > fsgan
output_cw-yongdeok_180.mp4,cw-yongdeok > fsgan
output_cw-yongdeok_185.mp4,cw-yongdeok > fsgan
output_cw-yongdeok_186.mp4,cw-yongdeok > fsgan
output_cw-yongdeok_187.mp4,cw-yongdeok > fsgan
output_cw-yongdeok_188.mp4,cw-yongdeok > fsgan
output_cw-yongdeok_193.mp4,cw-yongdeok > fsgan
output_cw-yongdeok_194.mp4,cw-yongdeok > fsgan
output_cw-yongdeok_195.mp4,cw-yongdeok > fsgan
output_cw-younghee_027.mp4,cw-younghee > fsgan
output_cw-yuunu_002.mp4,cw-yuunu > fsgan
output_cw-yuunu_004.mp4,cw-yuunu > fsgan
output_cw-yuunu_008.mp4,cw-yuunu > fsgan
output_cw-yuunu_010.mp4,cw-yuunu > fsgan
output_cw-yuunu_011.mp4,cw-yuunu > fsgan
output_cw-yuunu_012.mp4,cw-yuunu > fsgan
output_cw-yuunu_016.mp4,cw-yuunu > fsgan
output_cw-yuunu_018.mp4,cw-yuunu > fsgan
output_cw-yuunu_020.mp4,cw-yuunu > fsgan
output_cw-yuunu_024.mp4,cw-yuunu > fsgan
output_cw-yuunu_026.mp4,cw-yuunu > fsgan
output_cw-yuunu_027.mp4,cw-yuunu > fsgan
output_cw-yuunu_028.mp4,cw-yuunu > fsgan
output_cw-yuunu_032.mp4,cw-yuunu > fsgan
output_cw-yuunu_035.mp4,cw-yuunu > fsgan
output_cw-yuunu_042.mp4,cw-yuunu > fsgan
output_cw-yuunu_043.mp4,cw-yuunu > fsgan
output_cw-yuunu_048.mp4,cw-yuunu > fsgan
output_cw-yuunu_050.mp4,cw-yuunu > fsgan
output_cw-yuunu_051.mp4,cw-yuunu > fsgan
output_cw-yuunu_058.mp4,cw-yuunu > fsgan
output_cw-yuunu_059.mp4,cw-yuunu > fsgan
output_cw-yuunu_064.mp4,cw-yuunu > fsgan
output_cw-yuunu_067.mp4,cw-yuunu > fsgan
output_cw-yuunu_072.mp4,cw-yuunu > fsgan
output_cw-yuunu_074.mp4,cw-yuunu > fsgan
output_cw-yuunu_075.mp4,cw-yuunu > fsgan
output_cw-yuunu_080.mp4,cw-yuunu > fsgan
output_cw-yuunu_091.mp4,cw-yuunu > fsgan
output_cw-yuunu_095.mp4,cw-yuunu > fsgan
output_cw-yuunu_099.mp4,cw-yuunu > fsgan
output_cw-yuunu_107.mp4,cw-yuunu > fsgan
output_cw-yuunu_111.mp4,cw-yuunu > fsgan
output_cw-yuunu_112.mp4,cw-yuunu > fsgan
output_cw-yuunu_115.mp4,cw-yuunu > fsgan
output_cw-yuunu_119.mp4,cw-yuunu > fsgan
